{
  "CN": "kubernetes",
  "hosts": [
    "127.0.0.1",
    "{{MASTER_0_IP}}",
    "{{MASTER_1_IP}}",
    "{{MASTER_2_IP}}",
    "{{MASTER_VIP}}",
    "{{KUBERNETES_SVC_IP}}",
    "kubernetes",
    "kubernetes.default",
    "kubernetes.default.svc",
    "kubernetes.default.svc.cluster",
    "kubernetes.default.svc.cluster.local"
  ],
  "key": {
    "algo": "rsa",
    "size": 2048
  },
  "names": [
    {
      "C": "CN",
      "ST": "BeiJing",
      "L": "BeiJing",
      "O": "k8s",
      "OU": "seven"
    }
  ]
}
