<?xml version="1.0" encoding="UTF-8"?>
<!DOCTYPE log4j:configuration SYSTEM "log4j.dtd">
<log4j:configuration xmlns:log4j="http://jakarta.apache.org/log4j/">
    <appender name="stdout" class="org.apache.log4j.ConsoleAppender">
        <param name="encoding" value="UTF-8"/>
        <layout class="org.apache.log4j.PatternLayout">
            <param name="ConversionPattern" value="[%d{yyyy-MM-dd HH:mm:ss.SSS}] {%p} %c %L - %m%n" />
        </layout>
    </appender>

    <category name="com.mooc.demo" additivity="false">
        <priority value="debug" />
        <appender-ref ref="stdout" />
    </category>

    <root>
        <level value="warn" />
        <appender-ref ref="stdout" />
    </root>
</log4j:configuration>
