<assembly>
    <id>assembly</id>
    <formats>
        <format>tar.gz</format>
    </formats>
    <includeBaseDirectory>false</includeBaseDirectory>
    <fileSets>
        <fileSet>
            <directory>${project.build.directory}/bin</directory>
            <outputDirectory>bin</outputDirectory>
            <fileMode>0755</fileMode>
        </fileSet>
        <fileSet>
            <directory>${project.build.directory}/conf</directory>
            <outputDirectory>conf</outputDirectory>
            <fileMode>0644</fileMode>
        </fileSet>
    </fileSets>
    <dependencySets>
        <dependencySet>
            <useProjectArtifact>true</useProjectArtifact>
            <outputDirectory>lib</outputDirectory>
            <unpack>false</unpack>
        </dependencySet>
    </dependencySets>
</assembly>
