<beans xmlns="http://www.springframework.org/schema/beans"
	   xmlns:xsi="http://www.w3.org/2001/XMLSchema-instance"
	   xmlns:context="http://www.springframework.org/schema/context"
	   xmlns:mvc="http://www.springframework.org/schema/mvc"
	   xsi:schemaLocation="http://www.springframework.org/schema/beans
	   http://www.springframework.org/schema/beans/spring-beans-3.1.xsd
	   http://www.springframework.org/schema/context
	   http://www.springframework.org/schema/context/spring-context-3.1.xsd
	   http://www.springframework.org/schema/mvc
	   http://www.springframework.org/schema/mvc/spring-mvc-3.1.xsd">

	<context:component-scan base-package="com.mooc.demo.controller" />

	<mvc:annotation-driven>
		<mvc:message-converters register-defaults="true">
			<bean class="org.springframework.http.converter.StringHttpMessageConverter">
				<constructor-arg value="UTF-8" />
			</bean>
		</mvc:message-converters>
	</mvc:annotation-driven>

</beans>
